Total_Sales,Total_Profit,Profit_Margin_Percent
2297200.85584933,286817.020810917,12.49
