Category,Total_Sales,Total_Profit,Profit_Margin
Technology,836154.030862212,145454.947453029,17.4
Furniture,741999.793703437,18871.2727106512,2.54
Office Supplies,719047.031283677,122490.800647236,17.04
