Year,Total_Sales,Total_Profit
2011,484247.497500002,49543.9740781561
2012,470532.50930351,61618.6036586165
2013,608473.828213036,81726.930017367
2014,733947.020832777,93927.5130567774
