Segment,Total_Sales,Total_Profit,Profit_Margin
Consumer,1161401.34369415,134119.209797166,11.55
Corporate,706146.363474131,92399.1327141374,13.08
Home Office,429653.148681045,60298.6782996133,14.03
