Ship_Mode,Total_Sales,Total_Profit,Profit_Margin
Standard Class,1358215.74217635,164508.787101015,12.11
Second Class,459193.567797065,57446.6353479773,12.51
First Class,351428.421617806,48969.839673236,13.93
Same Day,128363.124258101,15891.7586886883,12.38
