Region,Total_Sales,Total_Profit,Profit_Margin
West,725457.823114276,108418.448580407,14.94
East,678781.237776518,91522.7798158675,13.48
Central,501239.889593184,39706.36218182,7.92
South,391721.905365348,47169.4302328229,12.04
