Customer_Name,Total_Profit
Tamara Chand,8981.32349133492
Raymond Buch,6976.09605047107
Sanjit Chand,5757.41197626293
Hunter Lopez,5622.42943418026
Adrian Barton,5444.80561602116
Tom Ashbrook,4703.78829878569
Christopher Martinez,3899.89048361778
Keith Dawkins,3038.62533402443
Andy Reiter,2884.62087774277
Daniel Raglin,2869.07597517967
